{"1": {"Sources": {"~MIL": 0.05555555555555555, "IGOWSTNAT": 0.05555555555555555, "~GOV": 0.3333333333333333, "~GOVMIL": 0.05555555555555555, "IGOEUREEC": 0.1111111111111111, "CTRY": 0.16666666666666666, "~REB": 0.05555555555555555, "ELI": 0.05555555555555555, "IMGMUSALQ": 0.05555555555555555, "GOV": 0.05555555555555555}, "Targets": {"IGOWSTNAT": 0.05263157894736842, "~MIL": 0.05263157894736842, "COP": 0.05263157894736842, "CTRY": 0.631578947368421, "~REF": 0.05263157894736842, "NGOHRIAMN": 0.05263157894736842, "~GOV": 0.10526315789473684}}, "2": {"Sources": {"~ELI": 0.05128205128205128, "CTRY": 0.38461538461538464, "~BUS": 0.02564102564102564, "~GOVMED": 0.02564102564102564, "~GOV": 0.20512820512820512, "NGOXFM": 0.02564102564102564, "~NGOLEG": 0.02564102564102564, "GOV": 0.02564102564102564, "~LEGPTY": 0.02564102564102564, "IGOUNO": 0.07692307692307693, "~MED": 0.02564102564102564, "NGOHRI": 0.02564102564102564, "IGOWAFBUSWAS": 0.02564102564102564, "NGOICG": 0.02564102564102564, "LEG": 0.02564102564102564}, "Targets": {"CTRY": 0.5116279069767442, "~MIL": 0.046511627906976744, "~GOV": 0.13953488372093023, "IGOEUREEC": 0.046511627906976744, "IGOASADEVADB": 0.023255813953488372, "~ELI": 0.023255813953488372, "~GOVBUS": 0.023255813953488372, "LEG": 0.023255813953488372, "~REB": 0.023255813953488372, "~LEG": 0.06976744186046512, "IGOUNO": 0.06976744186046512}}, "3": {"Sources": {"CTRY": 0.5370370370370371, "IGOENV": 0.018518518518518517, "IGOEUREEC": 0.018518518518518517, "~GOVMIL": 0.018518518518518517, "IGOUNO": 0.037037037037037035, "~GOV": 0.2037037037037037, "~ELI": 0.018518518518518517, "OPP": 0.018518518518518517, "~REB": 0.07407407407407407, "~GOVLEG": 0.018518518518518517, "REB": 0.018518518518518517, "IGOCOPITP": 0.018518518518518517}, "Targets": {"CTRY": 0.7166666666666667, "IGOUNO": 0.08333333333333333, "~GOV": 0.06666666666666667, "~REF": 0.03333333333333333, "INTREB": 0.016666666666666666, "PSEGZA": 0.016666666666666666, "~REB": 0.03333333333333333, "IGOEUREEC": 0.016666666666666666, "~OPP": 0.016666666666666666}}, "4": {"Sources": {"~GOV": 0.52, "CTRY": 0.32, "IGOMEAARL": 0.04, "~MIL": 0.04, "~GOVMIL": 0.04, "~OPP": 0.04}, "Targets": {"~GOV": 0.4230769230769231, "CTRY": 0.5384615384615384, "~MILOPP": 0.038461538461538464}}, "5": {"Sources": {"CTRY": 0.5882352941176471, "~GOV": 0.23529411764705882, "IGOMEAARL": 0.058823529411764705, "~REB": 0.058823529411764705, "~LEG": 0.058823529411764705}, "Targets": {"CTRY": 0.5555555555555556, "~GOV": 0.2222222222222222, "IRQOCC": 0.05555555555555555, "~REB": 0.05555555555555555, "IGOEUREEC": 0.1111111111111111}}, "6": {"Sources": {"~REB": 0.2, "~MIL": 0.4, "CTRY": 0.2, "~SPY": 0.2}, "Targets": {"~REB": 0.2, "~MIL": 0.4, "CTRY": 0.4}}, "7": {"Sources": {"~HLH": 0.15384615384615385, "IGOEUREEC": 0.07692307692307693, "CTRY": 0.5384615384615384, "IGOUNO": 0.07692307692307693, "IGOWSTNAT": 0.07692307692307693, "~OPP": 0.07692307692307693}, "Targets": {"~EDU": 0.07692307692307693, "CTRY": 0.46153846153846156, "NGOHLHIRC": 0.07692307692307693, "REF": 0.07692307692307693, "~MIL": 0.07692307692307693, "~REB": 0.07692307692307693, "~OPP": 0.07692307692307693, "~GOV": 0.07692307692307693}}, "8": {"Sources": {"CTRY": 0.23076923076923078, "~GOV": 0.358974358974359, "~JUD": 0.07692307692307693, "~EDU": 0.02564102564102564, "~LEG": 0.02564102564102564, "GOV": 0.02564102564102564, "~COP": 0.02564102564102564, "~MIL": 0.05128205128205128, "IGOEUREEC": 0.02564102564102564, "BGDIGO": 0.02564102564102564, "IGOUNOIAE": 0.02564102564102564, "~REB": 0.07692307692307693, "IGOUNO": 0.02564102564102564}, "Targets": {"CTRY": 0.7435897435897436, "~ELI": 0.02564102564102564, "~GOV": 0.05128205128205128, "REB": 0.02564102564102564, "OPP": 0.02564102564102564, "~REB": 0.02564102564102564, "~MED": 0.02564102564102564, "~HLH": 0.02564102564102564, "NGOENV": 0.02564102564102564, "CVL": 0.02564102564102564}}, "9": {"Sources": {"IGOUNO": 0.3333333333333333, "JUD": 0.1111111111111111, "CTRY": 0.2222222222222222, "IGOAFROAU": 0.1111111111111111, "~JUD": 0.1111111111111111, "~MILCOP": 0.1111111111111111}, "Targets": {"CTRY": 0.4444444444444444, "~GOV": 0.1111111111111111, "~OPP": 0.1111111111111111, "~REB": 0.1111111111111111, "HRVRAD": 0.1111111111111111, "~MIL": 0.1111111111111111}}, "10": {"Sources": {"~LEG": 0.02702702702702703, "~GOV": 0.1891891891891892, "~JUD": 0.02702702702702703, "CTRY": 0.3783783783783784, "~REB": 0.10810810810810811, "~CVL": 0.02702702702702703, "NGOHLHIRC": 0.02702702702702703, "~OPP": 0.02702702702702703, "~ELI": 0.02702702702702703, "NGOHRIAMN": 0.02702702702702703, "IGOUNOLABILO": 0.02702702702702703, "IGOLEGIPU": 0.02702702702702703, "IGOUNO": 0.02702702702702703, "IGOEUREEC": 0.02702702702702703, "LEG": 0.02702702702702703}, "Targets": {"CTRY": 0.4634146341463415, "IRQOCC": 0.024390243902439025, "~ELI": 0.024390243902439025, "~GOV": 0.21951219512195122, "~LEG": 0.024390243902439025, "IGOEUREEC": 0.024390243902439025, "IGOUNO": 0.07317073170731707, "~MIL": 0.024390243902439025, "~MUS": 0.024390243902439025, "~BUSLAB": 0.024390243902439025, "~REBHMS": 0.024390243902439025, "BIHMUS": 0.024390243902439025, "~REB": 0.024390243902439025}}, "11": {"Sources": {"~GOV": 0.20833333333333334, "CTRY": 0.5416666666666666, "NGOHRIAMN": 0.041666666666666664, "IGOUNOJUDWCT": 0.041666666666666664, "~MED": 0.041666666666666664, "~BUS": 0.041666666666666664, "IGOUNOJUDICJ": 0.041666666666666664, "~OPPHRI": 0.041666666666666664}, "Targets": {"~GOV": 0.08333333333333333, "CTRY": 0.5833333333333334, "~ELI": 0.08333333333333333, "~REB": 0.08333333333333333, "CANCHR": 0.041666666666666664, "MIL": 0.041666666666666664, "PSEGZA": 0.041666666666666664, "IMGMUSISI": 0.041666666666666664}}, "12": {"Sources": {"CTRY": 0.4, "IGOUNO": 0.05714285714285714, "~GOV": 0.34285714285714286, "~EDU": 0.02857142857142857, "~REB": 0.11428571428571428, "~ELI": 0.02857142857142857, "~CHRMED": 0.02857142857142857}, "Targets": {"CTRY": 0.6176470588235294, "~GOV": 0.17647058823529413, "IGOUNO": 0.11764705882352941, "~REB": 0.029411764705882353, "ZMBPPL": 0.029411764705882353, "~ELI": 0.029411764705882353}}, "13": {"Sources": {"~GOV": 0.2413793103448276, "CTRY": 0.41379310344827586, "~LEG": 0.034482758620689655, "~ELI": 0.034482758620689655, "~AGR": 0.034482758620689655, "IGOEUREEC": 0.034482758620689655, "IGOUNO": 0.034482758620689655, "~MIL": 0.034482758620689655, "IMGMUSALQ": 0.034482758620689655, "IGOWSTNAT": 0.034482758620689655, "~REBHMS": 0.034482758620689655, "~UAF": 0.034482758620689655}, "Targets": {"CTRY": 0.84375, "IGOEUREEC": 0.03125, "~REBHMS": 0.03125, "IRQOCC": 0.03125, "~REB": 0.03125, "~CVL": 0.03125}}, "14": {"Sources": {"OPP": 0.03225806451612903, "CTRY": 0.3870967741935484, "~OPP": 0.25806451612903225, "~EDU": 0.03225806451612903, "~LEG": 0.06451612903225806, "~CVL": 0.03225806451612903, "REF": 0.03225806451612903, "~LAB": 0.06451612903225806, "~GOV": 0.03225806451612903, "~REB": 0.03225806451612903, "~OPPEDU": 0.03225806451612903}, "Targets": {"~LEG": 0.034482758620689655, "CTRY": 0.41379310344827586, "~GOV": 0.3103448275862069, "~MIL": 0.1724137931034483, "~CVLJEW": 0.034482758620689655, "~GOVLAB": 0.034482758620689655}}, "15": {"Sources": {"~MIL": 0.125, "CTRY": 0.5, "~GOV": 0.375}, "Targets": {"~REB": 0.14285714285714285, "CTRY": 0.8571428571428571}}, "16": {"Sources": {"CTRY": 0.625, "~GOV": 0.1875, "NGOHLHIRC": 0.0625, "IGOUNO": 0.125}, "Targets": {"CTRY": 0.5625, "~GOV": 0.0625, "~REB": 0.125, "~REF": 0.0625, "~UAF": 0.0625, "IGOUNOIAE": 0.0625, "IGOUNO": 0.0625}}, "17": {"Sources": {"~COP": 0.14285714285714285, "~GOV": 0.3333333333333333, "~REB": 0.047619047619047616, "~CVLJEW": 0.047619047619047616, "~MIL": 0.09523809523809523, "CTRY": 0.19047619047619047, "~JUD": 0.09523809523809523, "LEG": 0.047619047619047616}, "Targets": {"~EDU": 0.09523809523809523, "~REF": 0.047619047619047616, "~UAF": 0.047619047619047616, "CTRY": 0.38095238095238093, "PSEMUS": 0.047619047619047616, "~CVL": 0.047619047619047616,